{
  "dictionary": [
    {
      "word": "sapiguer",
      "category": "verb",
      "correctForm": "saber",
      "description": "La forma correcta és 'saber'"
    }
  ],
  "grammar": [
    {
      "pattern": "\\b(tinc|tens|tenim|teniu|tenen) que\\b",
      "replacement": "haver de",
      "description": "Cal usar 'haver de' en lloc de 'tenir que'",
      "category": "verb"
    }
  ],
  "conjugations": [
    {
      "infinitive": "ser",
      "conjugation": "sóc",
      "tense": "present",
      "person": "1s"
    }
  ]
}