{
  "dictionary": [
    {
      "word": "aquest",
      "category": "demonstratiu",
      "correctForm": "este",
      "description": "En valencià, es prefereix 'este'"
    }
  ],
  "grammar": [
    {
      "pattern": "\\b(desenvolupament)\\b",
      "replacement": "desenrotllament",
      "description": "En valencià, es prefereix 'desenrotllament'",
      "category": "substantiu"
    }
  ],
  "conjugations": [
    {
      "infinitive": "ser",
      "conjugation": "sóc",
      "tense": "present",
      "person": "1s"
    }
  ]
}